﻿<?xml version="1.0" encoding="utf-8" ?>
<root>
  <CommandList>
    <Command>
      <Name>GitSharp.CLI.Add</Name>
      <Help>http://www.kernel.org/pub/software/scm/git/docs/git-add.html</Help>
    </Command>
    <Command>
      <Name>GitSharp.CLI.Bisect</Name>
      <Help>http://www.kernel.org/pub/software/scm/git/docs/git-bisect.html</Help>
    </Command>
    <Command>
      <Name>GitSharp.CLI.Branch</Name>
      <Help>http://www.kernel.org/pub/software/scm/git/docs/git-branch.html</Help>
    </Command>
    <Command>
      <Name>GitSharp.CLI.Checkout</Name>
      <Help>http://www.kernel.org/pub/software/scm/git/docs/git-checkout.html</Help>
    </Command>
    <Command>
      <Name>GitSharp.CLI.Clone</Name>
      <Help>http://www.kernel.org/pub/software/scm/git/docs/git-clone.html</Help>
    </Command>
    <Command>
      <Name>GitSharp.CLI.Commit</Name>
      <Help>http://www.kernel.org/pub/software/scm/git/docs/git-commit.html</Help>
    </Command>
    <Command>
      <Name>GitSharp.CLI.Daemon</Name>
      <Help>http://www.kernel.org/pub/software/scm/git/docs/git-daemon.html</Help>
    </Command>
    <Command>
      <Name>GitSharp.CLI.Diff</Name>
      <Help>http://www.kernel.org/pub/software/scm/git/docs/git-diff.html</Help>
    </Command>
    <Command>
      <Name>GitSharp.CLI.DiffTree</Name>
      <Help>http://www.kernel.org/pub/software/scm/git/docs/git-diff-tree.html</Help>
    </Command>
    <Command>
      <Name>GitSharp.CLI.Fetch</Name>
    <Help>http://www.kernel.org/pub/software/scm/git/docs/git-fetch.html</Help>
    </Command>
    <Command>
      <Name>GitSharp.CLI.Grep</Name>
      <Help>http://www.kernel.org/pub/software/scm/git/docs/git-grep.html</Help>
    </Command>
    <Command>
      <Name>GitSharp.CLI.IndexPack</Name>
      <Help>http://www.kernel.org/pub/software/scm/git/docs/git-index-pack.html</Help>
    </Command>
    <Command>
      <Name>GitSharp.CLI.Init</Name>
    <Help>http://www.kernel.org/pub/software/scm/git/docs/git-init.html</Help>
    </Command>
    <Command>
      <Name>GitSharp.CLI.Log</Name>
    <Help>http://www.kernel.org/pub/software/scm/git/docs/git-log.html</Help>
    </Command>
    <Command>
      <Name>GitSharp.CLI.LsRemote</Name>
      <Help>http://www.kernel.org/pub/software/scm/git/docs/git-ls-remote.html</Help>
    </Command>
    <Command>
      <Name>GitSharp.CLI.LsTree</Name>
      <Help>http://www.kernel.org/pub/software/scm/git/docs/git-ls-tree.html</Help>
    </Command>
    <Command>
      <Name>GitSharp.CLI.Merge</Name>
      <Help>http://www.kernel.org/pub/software/scm/git/docs/git-merge.html</Help>
    </Command>
    <Command>
      <Name>GitSharp.CLI.MergeBase</Name>
      <Help>http://www.kernel.org/pub/software/scm/git/docs/git-merge-base.html</Help>
    </Command>
    <Command>
      <Name>GitSharp.CLI.Mv</Name>
      <Help>http://www.kernel.org/pub/software/scm/git/docs/git-mv.html</Help>
    </Command>
    <Command>
      <Name>GitSharp.CLI.Pull</Name>
      <Help>http://www.kernel.org/pub/software/scm/git/docs/git-pull.html</Help>
    </Command>
    <Command>
      <Name>GitSharp.CLI.Push</Name>
    <Help>http://www.kernel.org/pub/software/scm/git/docs/git-push.html</Help>
    </Command>
    <Command>
      <Name>GitSharp.CLI.Rebase</Name>
      <Help>http://www.kernel.org/pub/software/scm/git/docs/git-rebase.html</Help>
    </Command>
    <Command>
      <Name>GitSharp.CLI.ReceivePack</Name>
      <Help>http://www.kernel.org/pub/software/scm/git/docs/git-receive-pack.html</Help>
    </Command>
    <Command>
      <Name>GitSharp.CLI.Reset</Name>
      <Help>http://www.kernel.org/pub/software/scm/git/docs/git-reset.html</Help>
    </Command>
    <Command>
      <Name>GitSharp.CLI.RevList</Name>
      <Help>http://www.kernel.org/pub/software/scm/git/docs/git-rev-list.html</Help>
    </Command>
    <Command>
      <Name>GitSharp.CLI.RevParse</Name>
      <Help>http://www.kernel.org/pub/software/scm/git/docs/git-rev-parse.html</Help>
    </Command>
    <Command>
      <Name>GitSharp.CLI.Rm</Name>
    <Help>http://www.kernel.org/pub/software/scm/git/docs/git-rm.html</Help>
    </Command>
    <Command>
      <Name>GitSharp.CLI.Show</Name>
      <Help>http://www.kernel.org/pub/software/scm/git/docs/git-show.html</Help>
    </Command>
    <Command>
      <Name>GitSharp.CLI.ShowRef</Name>
      <Help>http://www.kernel.org/pub/software/scm/git/docs/git-show-ref.html</Help>
    </Command>
    <Command>
      <Name>GitSharp.CLI.Status</Name>
      <Help>http://www.kernel.org/pub/software/scm/git/docs/git-status.html</Help>
    </Command>
    <Command>
      <Name>GitSharp.CLI.Tag</Name>
      <Help>http://www.kernel.org/pub/software/scm/git/docs/git-tag.html</Help>
    </Command>
    <Command>
      <Name>GitSharp.CLI.UploadPack</Name>
      <Help>http://www.kernel.org/pub/software/scm/git/docs/git-upload-pack.html</Help>
    </Command>
    <Command>
      <Name>GitSharp.CLI.Nonstandard.Help</Name>
      <Help></Help>
    </Command>
    <Command>
      <Name>GitSharp.CLI.Nonstandard.Version</Name>
      <Help></Help>
    </Command>
    <Command>
      <Name>GitSharp.CLI.Nonstandard.Glog</Name>
      <Help></Help>
    </Command>
    <Command>
      <Name>GitSharp.CLI.Nonstandard.ShowRev</Name>
      <Help></Help>
    </Command>
    <Command>
      <Name>GitSharp.CLI.Debug.MakeCacheTree</Name>
      <Help></Help>
  </Command>
    <Command>
      <Name>GitSharp.CLI.Debug.ReadDirCache</Name>
      <Help></Help>
  </Command>
    <Command>
      <Name>GitSharp.CLI.Debug.RebuildCommitGraph</Name>
      <Help></Help>
  </Command>
    <Command>
      <Name>GitSharp.CLI.Debug.ShowCacheTree</Name>
      <Help></Help>
  </Command>
    <Command>
      <Name>GitSharp.CLI.Debug.ShowCommands</Name>
      <Help></Help>
  </Command>
    <Command>
      <Name>GitSharp.CLI.Debug.ShowDirCache</Name>
      <Help></Help>
  </Command>
    <Command>
      <Name>GitSharp.CLI.Debug.WriteDirCache</Name>
      <Help></Help>
  </Command>
  </CommandList>
</root>